{
  "project_info": {
    "project_number": "419859967406",
    "firebase_url": "https://clipit-8d4df.firebaseio.com",
    "project_id": "clipit-8d4df",
    "storage_bucket": "clipit-8d4df.appspot.com"
  },
  "client": [
    {
      "client_info": {
        "mobilesdk_app_id": "1:419859967406:android:ce9076b9d2c6d066",
        "android_client_info": {
          "package_name": "com.pramod.firebase"
        }
      },
      "oauth_client": [
        {
          "client_id": "419859967406-1e4kc8tdavjden6pov1st1q3ep7a6q4i.apps.googleusercontent.com",
          "client_type": 3
        }
      ],
      "api_key": [
        {
          "current_key": "AIzaSyBIBp8ARNA_WwBfFVH-hBd8Be3czfERvYY"
        }
      ],
      "services": {
        "analytics_service": {
          "status": 1
        },
        "appinvite_service": {
          "status": 1,
          "other_platform_oauth_client": []
        },
        "ads_service": {
          "status": 2
        }
      }
    }
  ],
  "configuration_version": "1"
}
