{
  "project_info": {
    "project_number": "279740327257",
    "firebase_url": "https://vidkat-c287b.firebaseio.com",
    "project_id": "vidkat-c287b",
    "storage_bucket": "vidkat-c287b.appspot.com"
  },
  "client": [
    {
      "client_info": {
        "mobilesdk_app_id": "1:279740327257:android:571270e79c5a0aaf33d848",
        "android_client_info": {
          "package_name": "com.usmanisolutions.vidkat"
        }
      },
      "oauth_client": [
        {
          "client_id": "279740327257-a86u4hh8h6m04t0tqg8er29rl13go8jc.apps.googleusercontent.com",
          "client_type": 3
        }
      ],
      "api_key": [
        {
          "current_key": "AIzaSyC-xZvZSEgCxA4OWDLCg5Jkv3qJz_frbTE"
        }
      ],
      "services": {
        "appinvite_service": {
          "other_platform_oauth_client": [
            {
              "client_id": "279740327257-a86u4hh8h6m04t0tqg8er29rl13go8jc.apps.googleusercontent.com",
              "client_type": 3
            }
          ]
        }
      }
    }
  ],
  "configuration_version": "1"
}